[
  {
    "AccountCode": 1,
    "AccountDescription": "Balance Sheet",
    "AccountType": "NULL",
    "Operator": "~",
    "CustomMembers": "NULL",
    "ValueType": "Currency",
    "CustomMemberOptions": "NULL"
  },
  {
    "AccountCode": 10,
    "AccountDescription": "Assets",
    "AccountType": "Assets",
    "Operator": "+",
    "CustomMembers": "NULL",
    "ValueType": "Currency",
    "CustomMemberOptions": "NULL"
  },
  {
    "AccountCode": 110,
    "AccountDescription": "Current Assets",
    "AccountType": "Assets",
    "Operator": "+",
    "CustomMembers": "NULL",
    "ValueType": "Currency",
    "CustomMemberOptions": "NULL"
  },
  {
    "AccountCode": 1110,
    "AccountDescription": "Cash",
    "AccountType": "Assets",
    "Operator": "+",
    "CustomMembers": "NULL",
    "ValueType": "Currency",
    "CustomMemberOptions": "NULL"
  },
  {
    "AccountCode": 1120,
    "AccountDescription": "Receivables",
    "AccountType": "Assets",
    "Operator": "+",
    "CustomMembers": "NULL",
    "ValueType": "Currency",
    "CustomMemberOptions": "NULL"
  },
  {
    "AccountCode": 1130,
    "AccountDescription": "Trade Receivables",
    "AccountType": "Assets",
    "Operator": "+",
    "CustomMembers": "NULL",
    "ValueType": "Currency",
    "CustomMemberOptions": "NULL"
  },
  {
    "AccountCode": 1140,
    "AccountDescription": "Other Receivables",
    "AccountType": "Assets",
    "Operator": "+",
    "CustomMembers": "NULL",
    "ValueType": "Currency",
    "CustomMemberOptions": "NULL"
  },
  {
    "AccountCode": 1150,
    "AccountDescription": "Allowance for Bad Debt",
    "AccountType": "Assets",
    "Operator": "+",
    "CustomMembers": "NULL",
    "ValueType": "Currency",
    "CustomMemberOptions": "NULL"
  },
  {
    "AccountCode": 1160,
    "AccountDescription": "Inventory",
    "AccountType": "Assets",
    "Operator": "+",
    "CustomMembers": "NULL",
    "ValueType": "Currency",
    "CustomMemberOptions": "NULL"
  },
  {
    "AccountCode": 1162,
    "AccountDescription": "Raw Materials",
    "AccountType": "Assets",
    "Operator": "+",
    "CustomMembers": "NULL",
    "ValueType": "Currency",
    "CustomMemberOptions": "NULL"
  },
  {
    "AccountCode": 1164,
    "AccountDescription": "Work in Process",
    "AccountType": "Assets",
    "Operator": "+",
    "CustomMembers": "NULL",
    "ValueType": "Currency",
    "CustomMemberOptions": "NULL"
  },
  {
    "AccountCode": 1166,
    "AccountDescription": "Finished Goods",
    "AccountType": "Assets",
    "Operator": "+",
    "CustomMembers": "NULL",
    "ValueType": "Currency",
    "CustomMemberOptions": "NULL"
  },
  {
    "AccountCode": 1170,
    "AccountDescription": "Deferred Taxes",
    "AccountType": "Assets",
    "Operator": "+",
    "CustomMembers": "NULL",
    "ValueType": "Currency",
    "CustomMemberOptions": "NULL"
  },
  {
    "AccountCode": 1180,
    "AccountDescription": "Prepaid Expenses",
    "AccountType": "Assets",
    "Operator": "+",
    "CustomMembers": "NULL",
    "ValueType": "Currency",
    "CustomMemberOptions": "NULL"
  },
  {
    "AccountCode": 1185,
    "AccountDescription": "Intercompany Receivables",
    "AccountType": "Assets",
    "Operator": "+",
    "CustomMembers": "NULL",
    "ValueType": "Currency",
    "CustomMemberOptions": "NULL"
  },
  {
    "AccountCode": 1200,
    "AccountDescription": "Property, Plant, Equipment",
    "AccountType": "Assets",
    "Operator": "+",
    "CustomMembers": "NULL",
    "ValueType": "Currency",
    "CustomMemberOptions": "NULL"
  },
  {
    "AccountCode": 1210,
    "AccountDescription": "Land & Improvements",
    "AccountType": "Assets",
    "Operator": "+",
    "CustomMembers": "NULL",
    "ValueType": "Currency",
    "CustomMemberOptions": "NULL"
  },
  {
    "AccountCode": 1220,
    "AccountDescription": "Buildings & Improvements",
    "AccountType": "Assets",
    "Operator": "+",
    "CustomMembers": "NULL",
    "ValueType": "Currency",
    "CustomMemberOptions": "NULL"
  },
  {
    "AccountCode": 1230,
    "AccountDescription": "Machinery & Equipment",
    "AccountType": "Assets",
    "Operator": "+",
    "CustomMembers": "NULL",
    "ValueType": "Currency",
    "CustomMemberOptions": "NULL"
  },
  {
    "AccountCode": 1240,
    "AccountDescription": "Office Furniture & Equipment",
    "AccountType": "Assets",
    "Operator": "+",
    "CustomMembers": "NULL",
    "ValueType": "Currency",
    "CustomMemberOptions": "NULL"
  },
  {
    "AccountCode": 1250,
    "AccountDescription": "Leasehold Improvements",
    "AccountType": "Assets",
    "Operator": "+",
    "CustomMembers": "NULL",
    "ValueType": "Currency",
    "CustomMemberOptions": "NULL"
  },
  {
    "AccountCode": 1260,
    "AccountDescription": "Construction In Progress",
    "AccountType": "Assets",
    "Operator": "+",
    "CustomMembers": "NULL",
    "ValueType": "Currency",
    "CustomMemberOptions": "NULL"
  },
  {
    "AccountCode": 1300,
    "AccountDescription": "Other Assets",
    "AccountType": "Assets",
    "Operator": "+",
    "CustomMembers": "NULL",
    "ValueType": "Currency",
    "CustomMemberOptions": "NULL"
  },
  {
    "AccountCode": 20,
    "AccountDescription": "Liabilities and Owners Equity",
    "AccountType": "Liabilities",
    "Operator": "-",
    "CustomMembers": "NULL",
    "ValueType": "Currency",
    "CustomMemberOptions": "NULL"
  },
  {
    "AccountCode": 210,
    "AccountDescription": "Liabilities",
    "AccountType": "Liabilities",
    "Operator": "+",
    "CustomMembers": "NULL",
    "ValueType": "Currency",
    "CustomMemberOptions": "NULL"
  },
  {
    "AccountCode": 2200,
    "AccountDescription": "Current Liabilities",
    "AccountType": "Liabilities",
    "Operator": "+",
    "CustomMembers": "NULL",
    "ValueType": "Currency",
    "CustomMemberOptions": "NULL"
  },
  {
    "AccountCode": 2210,
    "AccountDescription": "Notes Payable",
    "AccountType": "Liabilities",
    "Operator": "+",
    "CustomMembers": "NULL",
    "ValueType": "Currency",
    "CustomMemberOptions": "NULL"
  },
  {
    "AccountCode": 2230,
    "AccountDescription": "Accounts Payable",
    "AccountType": "Liabilities",
    "Operator": "+",
    "CustomMembers": "NULL",
    "ValueType": "Currency",
    "CustomMemberOptions": "NULL"
  },
  {
    "AccountCode": 2300,
    "AccountDescription": "Accrued Expenses",
    "AccountType": "Liabilities",
    "Operator": "+",
    "CustomMembers": "NULL",
    "ValueType": "Currency",
    "CustomMemberOptions": "NULL"
  },
  {
    "AccountCode": 2310,
    "AccountDescription": "Salary & Other Comp",
    "AccountType": "Liabilities",
    "Operator": "+",
    "CustomMembers": "NULL",
    "ValueType": "Currency",
    "CustomMemberOptions": "NULL"
  },
  {
    "AccountCode": 2320,
    "AccountDescription": "Insurance",
    "AccountType": "Liabilities",
    "Operator": "+",
    "CustomMembers": "NULL",
    "ValueType": "Currency",
    "CustomMemberOptions": "NULL"
  },
  {
    "AccountCode": 2330,
    "AccountDescription": "Warranties",
    "AccountType": "Liabilities",
    "Operator": "+",
    "CustomMembers": "NULL",
    "ValueType": "Currency",
    "CustomMemberOptions": "NULL"
  },
  {
    "AccountCode": 2340,
    "AccountDescription": "Intercompany Payables",
    "AccountType": "Liabilities",
    "Operator": "+",
    "CustomMembers": "NULL",
    "ValueType": "Currency",
    "CustomMemberOptions": "NULL"
  },
  {
    "AccountCode": 2350,
    "AccountDescription": "Other Current Liabilities",
    "AccountType": "Liabilities",
    "Operator": "+",
    "CustomMembers": "NULL",
    "ValueType": "Currency",
    "CustomMemberOptions": "NULL"
  },
  {
    "AccountCode": 2400,
    "AccountDescription": "Long Term Liabilities",
    "AccountType": "Liabilities",
    "Operator": "+",
    "CustomMembers": "NULL",
    "ValueType": "Currency",
    "CustomMemberOptions": "NULL"
  },
  {
    "AccountCode": 2410,
    "AccountDescription": "Long Term Obligations",
    "AccountType": "Liabilities",
    "Operator": "+",
    "CustomMembers": "NULL",
    "ValueType": "Currency",
    "CustomMemberOptions": "NULL"
  },
  {
    "AccountCode": 2420,
    "AccountDescription": "Pension Liability",
    "AccountType": "Liabilities",
    "Operator": "+",
    "CustomMembers": "NULL",
    "ValueType": "Currency",
    "CustomMemberOptions": "NULL"
  },
  {
    "AccountCode": 2430,
    "AccountDescription": "Other Retirement Benefits",
    "AccountType": "Liabilities",
    "Operator": "+",
    "CustomMembers": "NULL",
    "ValueType": "Currency",
    "CustomMemberOptions": "NULL"
  },
  {
    "AccountCode": 2440,
    "AccountDescription": "Other Long Term Liabilities",
    "AccountType": "Liabilities",
    "Operator": "+",
    "CustomMembers": "NULL",
    "ValueType": "Currency",
    "CustomMemberOptions": "NULL"
  },
  {
    "AccountCode": 300,
    "AccountDescription": "Owners Equity",
    "AccountType": "Liabilities",
    "Operator": "+",
    "CustomMembers": "NULL",
    "ValueType": "Currency",
    "CustomMemberOptions": "NULL"
  },
  {
    "AccountCode": 3010,
    "AccountDescription": "Partner Capital",
    "AccountType": "Liabilities",
    "Operator": "+",
    "CustomMembers": "NULL",
    "ValueType": "Currency",
    "CustomMemberOptions": "NULL"
  },
  {
    "AccountCode": 3020,
    "AccountDescription": "Additional Paid In Capital",
    "AccountType": "Liabilities",
    "Operator": "+",
    "CustomMembers": "NULL",
    "ValueType": "Currency",
    "CustomMemberOptions": "NULL"
  },
  {
    "AccountCode": 3030,
    "AccountDescription": "Retained Earnings",
    "AccountType": "Liabilities",
    "Operator": "+",
    "CustomMembers": "NULL",
    "ValueType": "Currency",
    "CustomMemberOptions": "NULL"
  },
  {
    "AccountCode": 3540,
    "AccountDescription": "Prior Year Retained Earnings",
    "AccountType": "Liabilities",
    "Operator": "+",
    "CustomMembers": "NULL",
    "ValueType": "Currency",
    "CustomMemberOptions": "NULL"
  },
  {
    "AccountCode": 3550,
    "AccountDescription": "Current Retained Earnings",
    "AccountType": "Liabilities",
    "Operator": "+",
    "CustomMembers": "NULL",
    "ValueType": "Currency",
    "CustomMemberOptions": "NULL"
  },
  {
    "AccountCode": 4,
    "AccountDescription": "Net Income",
    "AccountType": "Revenue",
    "Operator": "+",
    "CustomMembers": "NULL",
    "ValueType": "Currency",
    "CustomMemberOptions": "NULL"
  },
  {
    "AccountCode": 40,
    "AccountDescription": "Operating Profit",
    "AccountType": "Revenue",
    "Operator": "+",
    "CustomMembers": "NULL",
    "ValueType": "Currency",
    "CustomMemberOptions": "NULL"
  },
  {
    "AccountCode": 400,
    "AccountDescription": "Gross Margin",
    "AccountType": "Revenue",
    "Operator": "+",
    "CustomMembers": "NULL",
    "ValueType": "Currency",
    "CustomMemberOptions": "NULL"
  },
  {
    "AccountCode": 4100,
    "AccountDescription": "Net Sales",
    "AccountType": "Revenue",
    "Operator": "+",
    "CustomMembers": "NULL",
    "ValueType": "Currency",
    "CustomMemberOptions": "NULL"
  },
  {
    "AccountCode": 4110,
    "AccountDescription": "Gross Sales",
    "AccountType": "Revenue",
    "Operator": "+",
    "CustomMembers": "NULL",
    "ValueType": "Currency",
    "CustomMemberOptions": "NULL"
  },
  {
    "AccountCode": 4500,
    "AccountDescription": "Intercompany Sales",
    "AccountType": "Revenue",
    "Operator": "+",
    "CustomMembers": "NULL",
    "ValueType": "Currency",
    "CustomMemberOptions": "NULL"
  },
  {
    "AccountCode": 4130,
    "AccountDescription": "Returns and Adjustments",
    "AccountType": "Expenditures",
    "Operator": "-",
    "CustomMembers": "NULL",
    "ValueType": "Currency",
    "CustomMemberOptions": "NULL"
  },
  {
    "AccountCode": 4140,
    "AccountDescription": "Discounts",
    "AccountType": "Expenditures",
    "Operator": "-",
    "CustomMembers": "NULL",
    "ValueType": "Currency",
    "CustomMemberOptions": "NULL"
  },
  {
    "AccountCode": 5000,
    "AccountDescription": "Total Cost of Sales",
    "AccountType": "Expenditures",
    "Operator": "-",
    "CustomMembers": "NULL",
    "ValueType": "Currency",
    "CustomMemberOptions": "NULL"
  },
  {
    "AccountCode": 5020,
    "AccountDescription": "Standard Cost of Sales",
    "AccountType": "Expenditures",
    "Operator": "+",
    "CustomMembers": "NULL",
    "ValueType": "Currency",
    "CustomMemberOptions": "NULL"
  },
  {
    "AccountCode": 5050,
    "AccountDescription": "Variances",
    "AccountType": "Expenditures",
    "Operator": "+",
    "CustomMembers": "NULL",
    "ValueType": "Currency",
    "CustomMemberOptions": "NULL"
  },
  {
    "AccountCode": 60,
    "AccountDescription": "Operating Expenses",
    "AccountType": "Expenditures",
    "Operator": "-",
    "CustomMembers": "NULL",
    "ValueType": "Currency",
    "CustomMemberOptions": "NULL"
  },
  {
    "AccountCode": 600,
    "AccountDescription": "Labor Expenses",
    "AccountType": "Expenditures",
    "Operator": "+",
    "CustomMembers": "NULL",
    "ValueType": "Currency",
    "CustomMemberOptions": "NULL"
  },
  {
    "AccountCode": 6000,
    "AccountDescription": "Salaries",
    "AccountType": "Expenditures",
    "Operator": "+",
    "CustomMembers": "NULL",
    "ValueType": "Currency",
    "CustomMemberOptions": "NULL"
  },
  {
    "AccountCode": 6020,
    "AccountDescription": "Payroll Taxes",
    "AccountType": "Expenditures",
    "Operator": "+",
    "CustomMembers": "NULL",
    "ValueType": "Currency",
    "CustomMemberOptions": "NULL"
  },
  {
    "AccountCode": 6040,
    "AccountDescription": "Employee Benefits",
    "AccountType": "Expenditures",
    "Operator": "+",
    "CustomMembers": "NULL",
    "ValueType": "Currency",
    "CustomMemberOptions": "NULL"
  },
  {
    "AccountCode": 6100,
    "AccountDescription": "Commissions",
    "AccountType": "Expenditures",
    "Operator": "+",
    "CustomMembers": "NULL",
    "ValueType": "Currency",
    "CustomMemberOptions": "NULL"
  },
  {
    "AccountCode": 620,
    "AccountDescription": "Travel Expenses",
    "AccountType": "Expenditures",
    "Operator": "+",
    "CustomMembers": "NULL",
    "ValueType": "Currency",
    "CustomMemberOptions": "NULL"
  },
  {
    "AccountCode": 6200,
    "AccountDescription": "Travel Transportation",
    "AccountType": "Expenditures",
    "Operator": "+",
    "CustomMembers": "NULL",
    "ValueType": "Currency",
    "CustomMemberOptions": "NULL"
  },
  {
    "AccountCode": 6210,
    "AccountDescription": "Travel Lodging",
    "AccountType": "Expenditures",
    "Operator": "+",
    "CustomMembers": "NULL",
    "ValueType": "Currency",
    "CustomMemberOptions": "NULL"
  },
  {
    "AccountCode": 6220,
    "AccountDescription": "Meals",
    "AccountType": "Expenditures",
    "Operator": "+",
    "CustomMembers": "NULL",
    "ValueType": "Currency",
    "CustomMemberOptions": "NULL"
  },
  {
    "AccountCode": 6230,
    "AccountDescription": "Entertainment",
    "AccountType": "Expenditures",
    "Operator": "+",
    "CustomMembers": "NULL",
    "ValueType": "Currency",
    "CustomMemberOptions": "NULL"
  },
  {
    "AccountCode": 6240,
    "AccountDescription": "Other Travel Related",
    "AccountType": "Expenditures",
    "Operator": "+",
    "CustomMembers": "NULL",
    "ValueType": "Currency",
    "CustomMemberOptions": "NULL"
  },
  {
    "AccountCode": 630,
    "AccountDescription": "Marketing",
    "AccountType": "Expenditures",
    "Operator": "+",
    "CustomMembers": "NULL",
    "ValueType": "Currency",
    "CustomMemberOptions": "NULL"
  },
  {
    "AccountCode": 6300,
    "AccountDescription": "Conferences",
    "AccountType": "Expenditures",
    "Operator": "+",
    "CustomMembers": "NULL",
    "ValueType": "Currency",
    "CustomMemberOptions": "NULL"
  },
  {
    "AccountCode": 6310,
    "AccountDescription": "Marketing Collateral",
    "AccountType": "Expenditures",
    "Operator": "+",
    "CustomMembers": "NULL",
    "ValueType": "Currency",
    "CustomMemberOptions": "NULL"
  },
  {
    "AccountCode": 6400,
    "AccountDescription": "Office Supplies",
    "AccountType": "Expenditures",
    "Operator": "+",
    "CustomMembers": "NULL",
    "ValueType": "Currency",
    "CustomMemberOptions": "NULL"
  },
  {
    "AccountCode": 6500,
    "AccountDescription": "Professional Services",
    "AccountType": "Expenditures",
    "Operator": "+",
    "CustomMembers": "NULL",
    "ValueType": "Currency",
    "CustomMemberOptions": "NULL"
  },
  {
    "AccountCode": 660,
    "AccountDescription": "Telephone and Utilities",
    "AccountType": "Expenditures",
    "Operator": "+",
    "CustomMembers": "NULL",
    "ValueType": "Currency",
    "CustomMemberOptions": "NULL"
  },
  {
    "AccountCode": 6610,
    "AccountDescription": "Telephone",
    "AccountType": "Expenditures",
    "Operator": "+",
    "CustomMembers": "NULL",
    "ValueType": "Currency",
    "CustomMemberOptions": "NULL"
  },
  {
    "AccountCode": 6620,
    "AccountDescription": "Utilities",
    "AccountType": "Expenditures",
    "Operator": "+",
    "CustomMembers": "NULL",
    "ValueType": "Currency",
    "CustomMemberOptions": "NULL"
  },
  {
    "AccountCode": 6700,
    "AccountDescription": "Other Expenses",
    "AccountType": "Expenditures",
    "Operator": "+",
    "CustomMembers": "NULL",
    "ValueType": "Currency",
    "CustomMemberOptions": "NULL"
  },
  {
    "AccountCode": 680,
    "AccountDescription": "Depreciation",
    "AccountType": "Expenditures",
    "Operator": "+",
    "CustomMembers": "NULL",
    "ValueType": "Currency",
    "CustomMemberOptions": "NULL"
  },
  {
    "AccountCode": 6810,
    "AccountDescription": "Building Leasehold",
    "AccountType": "Expenditures",
    "Operator": "+",
    "CustomMembers": "NULL",
    "ValueType": "Currency",
    "CustomMemberOptions": "NULL"
  },
  {
    "AccountCode": 6820,
    "AccountDescription": "Vehicles",
    "AccountType": "Expenditures",
    "Operator": "+",
    "CustomMembers": "NULL",
    "ValueType": "Currency",
    "CustomMemberOptions": "NULL"
  },
  {
    "AccountCode": 6830,
    "AccountDescription": "Equipment",
    "AccountType": "Expenditures",
    "Operator": "+",
    "CustomMembers": "NULL",
    "ValueType": "Currency",
    "CustomMemberOptions": "NULL"
  },
  {
    "AccountCode": 6840,
    "AccountDescription": "Furniture and Fixtures",
    "AccountType": "Expenditures",
    "Operator": "+",
    "CustomMembers": "NULL",
    "ValueType": "Currency",
    "CustomMemberOptions": "NULL"
  },
  {
    "AccountCode": 6850,
    "AccountDescription": "Other Assets",
    "AccountType": "Expenditures",
    "Operator": "+",
    "CustomMembers": "NULL",
    "ValueType": "Currency",
    "CustomMemberOptions": "NULL"
  },
  {
    "AccountCode": 6860,
    "AccountDescription": "Amortization of Goodwill",
    "AccountType": "Expenditures",
    "Operator": "+",
    "CustomMembers": "NULL",
    "ValueType": "Currency",
    "CustomMemberOptions": "NULL"
  },
  {
    "AccountCode": 6920,
    "AccountDescription": "Rent",
    "AccountType": "Expenditures",
    "Operator": "+",
    "CustomMembers": "NULL",
    "ValueType": "Currency",
    "CustomMemberOptions": "NULL"
  },
  {
    "AccountCode": 80,
    "AccountDescription": "Other Income and Expense",
    "AccountType": "Revenue",
    "Operator": "+",
    "CustomMembers": "NULL",
    "ValueType": "Currency",
    "CustomMemberOptions": "NULL"
  },
  {
    "AccountCode": 8000,
    "AccountDescription": "Interest Income",
    "AccountType": "Revenue",
    "Operator": "+",
    "CustomMembers": "NULL",
    "ValueType": "Currency",
    "CustomMemberOptions": "NULL"
  },
  {
    "AccountCode": 8010,
    "AccountDescription": "Interest Expense",
    "AccountType": "Expenditures",
    "Operator": "-",
    "CustomMembers": "NULL",
    "ValueType": "Currency",
    "CustomMemberOptions": "NULL"
  },
  {
    "AccountCode": 8020,
    "AccountDescription": "Gain/Loss on Sales of Asset",
    "AccountType": "Revenue",
    "Operator": "+",
    "CustomMembers": "NULL",
    "ValueType": "Currency",
    "CustomMemberOptions": "NULL"
  },
  {
    "AccountCode": 8030,
    "AccountDescription": "Other Income",
    "AccountType": "Revenue",
    "Operator": "+",
    "CustomMembers": "NULL",
    "ValueType": "Currency",
    "CustomMemberOptions": "NULL"
  },
  {
    "AccountCode": 8040,
    "AccountDescription": "Curr Xchg Gain/(Loss)",
    "AccountType": "Revenue",
    "Operator": "+",
    "CustomMembers": "NULL",
    "ValueType": "Currency",
    "CustomMemberOptions": "NULL"
  },
  {
    "AccountCode": 8500,
    "AccountDescription": "Taxes",
    "AccountType": "Expenditures",
    "Operator": "-",
    "CustomMembers": "NULL",
    "ValueType": "Currency",
    "CustomMemberOptions": "NULL"
  },
  {
    "AccountCode": 9500,
    "AccountDescription": "Statistical Accounts",
    "AccountType": "Statistical",
    "Operator": "~",
    "CustomMembers": "NULL",
    "ValueType": "Units",
    "CustomMemberOptions": "NULL"
  },
  {
    "AccountCode": 9510,
    "AccountDescription": "Headcount",
    "AccountType": "Balances",
    "Operator": "~",
    "CustomMembers": "NULL",
    "ValueType": "Units",
    "CustomMemberOptions": "NULL"
  },
  {
    "AccountCode": 9520,
    "AccountDescription": "Units",
    "AccountType": "Flow",
    "Operator": "~",
    "CustomMembers": "NULL",
    "ValueType": "Units",
    "CustomMemberOptions": "NULL"
  },
  {
    "AccountCode": 9530,
    "AccountDescription": "Average Unit Price",
    "AccountType": "Balances",
    "Operator": "~",
    "CustomMembers": "[Account].[Accounts].[Account Level 04].&[50]/[Account].[Accounts].[Account Level 02].&[97]",
    "ValueType": "Currency",
    "CustomMemberOptions": "NULL"
  },
  {
    "AccountCode": 9540,
    "AccountDescription": "Square Footage",
    "AccountType": "Balances",
    "Operator": "~",
    "CustomMembers": "NULL",
    "ValueType": "Units",
    "CustomMemberOptions": "NULL"
  },
  {
    "AccountCode": 2220,
    "AccountDescription": "Current Installments of Long-term Debt",
    "AccountType": "Liabilities",
    "Operator": "+",
    "CustomMembers": "NULL",
    "ValueType": "Currency",
    "CustomMemberOptions": "NULL"
  },
  {
    "AccountCode": 4200,
    "AccountDescription": "Trade Sales",
    "AccountType": "Revenue",
    "Operator": "+",
    "CustomMembers": "NULL",
    "ValueType": "Currency",
    "CustomMemberOptions": "NULL"
  }
]