﻿FinanceCode,Day,Department,AccountCode,Amount
1,2010-12-29,Corporate,6000,22080
10,2010-12-29,Corporate,6000,20200
110,2010-12-29,Corporate,6020,2000
1110,2010-12-29,Corporate,6020,2208
1120,2010-12-29,Corporate,6040,1546
1130,2010-12-29,Corporate,6040,1800
1140,2010-12-29,Corporate,6200,380
1150,2010-12-29,Corporate,6200,378
1160,2010-12-29,Corporate,6210,344
1162,2010-12-29,Corporate,6210,380
1164,2010-12-29,Corporate,6220,200
1166,2010-12-29,Corporate,6220,174
1170,2010-12-29,Corporate,6230,132
1180,2010-12-29,Corporate,6230,100
1185,2010-12-29,Corporate,6240,38
1200,2010-12-29,Corporate,6300,70
1210,2010-12-29,Corporate,6400,300
1220,2010-12-29,Corporate,6400,250
1230,2010-12-29,Corporate,6500,114
1240,2010-12-29,Corporate,6500,100
1250,2010-12-29,Corporate,6610,280
1260,2010-12-29,Corporate,6610,297
1300,2010-12-29,Corporate,6620,535
20,2010-12-29,Corporate,6620,480
210,2010-12-29,Corporate,6700,200
2200,2010-12-29,Corporate,6700,153
2210,2010-12-29,Corporate,6810,586
2230,2010-12-29,Corporate,6810,550
2300,2010-12-29,Corporate,6820,380
2310,2010-12-29,Corporate,6820,363
2320,2010-12-29,Corporate,6830,35
2330,2010-12-29,Corporate,6830,40
2340,2010-12-29,Corporate,6840,100
2350,2010-12-29,Corporate,6840,123
2400,2010-12-29,Corporate,6850,103
2410,2010-12-29,Corporate,6850,100
2420,2010-12-29,Corporate,6860,100
2430,2010-12-29,Corporate,6860,98
2440,2010-12-29,Corporate,6920,540
300,2010-12-29,Corporate,6920,480
3010,2010-12-29,Corporate,8000,201
3020,2010-12-29,Corporate,8010,309
3030,2010-12-29,Corporate,8020,-247
3540,2010-12-29,Corporate,8030,412
3550,2010-12-29,Corporate,8500,214
4,2010-12-29,Corporate,9510,12
40,2010-12-29,Executive General and Administration,1166,23197
400,2010-12-29,Research and Development,4500,3059
4100,2010-12-29,Research and Development,4500,3200
4110,2010-12-29,Research and Development,4130,2600
4500,2010-12-29,Research and Development,4130,2294
4130,2010-12-29,Research and Development,5020,33968
4140,2010-12-29,Research and Development,5020,27200
5000,2010-12-29,Research and Development,5050,3800
5020,2010-12-29,Research and Development,5050,3186
5050,2010-12-29,Research and Development,6000,16320
60,2010-12-29,Research and Development,6000,14300
600,2010-12-29,Research and Development,6020,1600
6000,2010-12-29,Research and Development,6020,1632
6020,2010-12-29,Research and Development,6040,979
6040,2010-12-29,Research and Development,6040,1100
6100,2010-12-29,Research and Development,6100,2400
620,2010-12-29,Research and Development,6100,1912
6200,2010-12-29,Research and Development,6200,220
6210,2010-12-29,Research and Development,6200,280
6220,2010-12-29,Research and Development,6210,200
6230,2010-12-29,Research and Development,6210,200
6240,2010-12-29,Research and Development,6220,104
630,2010-12-29,Research and Development,6220,100
6300,2010-12-29,Research and Development,6230,100
6310,2010-12-29,Research and Development,6230,76
6400,2010-12-29,Research and Development,6240,22
6500,2010-12-29,Research and Development,6300,32
660,2010-12-29,Research and Development,6300,50
6610,2010-12-29,Research and Development,6310,200
6620,2010-12-29,Research and Development,6310,153
6700,2010-12-29,Research and Development,6400,151
680,2010-12-29,Research and Development,6400,220
6810,2010-12-29,Research and Development,6500,100
6820,2010-12-29,Research and Development,6500,96
6830,2010-12-29,Research and Development,6610,486
6840,2010-12-29,Research and Development,6610,750
6850,2010-12-29,Research and Development,6620,380
6860,2010-12-29,Research and Development,6620,346
6920,2010-12-29,Research and Development,6700,100
80,2010-12-29,Research and Development,6810,380
8000,2010-12-29,Research and Development,6810,449
8010,2010-12-29,Research and Development,6820,278
8020,2010-12-29,Research and Development,6820,280
8030,2010-12-29,Research and Development,6830,30
8040,2010-12-29,Research and Development,6830,29
8500,2010-12-29,Research and Development,6840,102
9500,2010-12-29,Research and Development,6840,90
9510,2010-12-29,Research and Development,6850,80
9520,2010-12-29,Research and Development,6850,92
9530,2010-12-29,Research and Development,6860,82
9540,2010-12-29,Research and Development,6860,80
2220,2010-12-29,Research and Development,6920,380
4200,2010-12-29,Research and Development,6920,360
