[
  {
    "CurrencyCode": "AFA",
    "CurrencyName": "Afghani"
  },
  {
    "CurrencyCode": "DZD",
    "CurrencyName": "Algerian Dinar"
  },
  {
    "CurrencyCode": "ARS",
    "CurrencyName": "Argentine Peso"
  },
  {
    "CurrencyCode": "AMD",
    "CurrencyName": "Armenian Dram"
  },
  {
    "CurrencyCode": "AWG",
    "CurrencyName": "Aruban Guilder"
  },
  {
    "CurrencyCode": "AUD",
    "CurrencyName": "Australian Dollar"
  },
  {
    "CurrencyCode": "AZM",
    "CurrencyName": "Azerbaijanian Manat"
  },
  {
    "CurrencyCode": "BSD",
    "CurrencyName": "Bahamian Dollar"
  },
  {
    "CurrencyCode": "BHD",
    "CurrencyName": "Bahraini Dinar"
  },
  {
    "CurrencyCode": "THB",
    "CurrencyName": "Baht"
  },
  {
    "CurrencyCode": "PAB",
    "CurrencyName": "Balboa"
  },
  {
    "CurrencyCode": "BBD",
    "CurrencyName": "Barbados Dollar"
  },
  {
    "CurrencyCode": "BEF",
    "CurrencyName": "Belgian Franc"
  },
  {
    "CurrencyCode": "VEB",
    "CurrencyName": "Bolivar"
  },
  {
    "CurrencyCode": "BOB",
    "CurrencyName": "Boliviano"
  },
  {
    "CurrencyCode": "BRL",
    "CurrencyName": "Brazilian Real"
  },
  {
    "CurrencyCode": "BND",
    "CurrencyName": "Brunei Dollar"
  },
  {
    "CurrencyCode": "BGN",
    "CurrencyName": "Bulgarian Lev"
  },
  {
    "CurrencyCode": "CAD",
    "CurrencyName": "Canadian Dollar"
  },
  {
    "CurrencyCode": "GHC",
    "CurrencyName": "Cedi"
  },
  {
    "CurrencyCode": "XOF",
    "CurrencyName": "CFA Franc BCEAO"
  },
  {
    "CurrencyCode": "CLP",
    "CurrencyName": "Chilean Peso"
  },
  {
    "CurrencyCode": "COP",
    "CurrencyName": "Colombian Peso"
  },
  {
    "CurrencyCode": "CRC",
    "CurrencyName": "Costa Rican Colon"
  },
  {
    "CurrencyCode": "HRK",
    "CurrencyName": "Croatian Kuna"
  },
  {
    "CurrencyCode": "CYP",
    "CurrencyName": "Cyprus Pound"
  },
  {
    "CurrencyCode": "CZK",
    "CurrencyName": "Czech Koruna"
  },
  {
    "CurrencyCode": "DKK",
    "CurrencyName": "Danish Krone"
  },
  {
    "CurrencyCode": "DEM",
    "CurrencyName": "Deutsche Mark"
  },
  {
    "CurrencyCode": "DOP",
    "CurrencyName": "Dominican Peso"
  },
  {
    "CurrencyCode": "VND",
    "CurrencyName": "Dong"
  },
  {
    "CurrencyCode": "GRD",
    "CurrencyName": "Drachma"
  },
  {
    "CurrencyCode": "EGP",
    "CurrencyName": "Egyptian Pound"
  },
  {
    "CurrencyCode": "SVC",
    "CurrencyName": "El Salvador Colon"
  },
  {
    "CurrencyCode": "AED",
    "CurrencyName": "Emirati Dirham"
  },
  {
    "CurrencyCode": "EUR",
    "CurrencyName": "EURO"
  },
  {
    "CurrencyCode": "FJD",
    "CurrencyName": "Fiji Dollar"
  },
  {
    "CurrencyCode": "HUF",
    "CurrencyName": "Forint"
  },
  {
    "CurrencyCode": "FRF",
    "CurrencyName": "French Franc"
  },
  {
    "CurrencyCode": "PYG",
    "CurrencyName": "Guarani"
  },
  {
    "CurrencyCode": "HKD",
    "CurrencyName": "Hong Kong Dollar"
  },
  {
    "CurrencyCode": "ISK",
    "CurrencyName": "Iceland Krona"
  },
  {
    "CurrencyCode": "INR",
    "CurrencyName": "Indian Rupee"
  },
  {
    "CurrencyCode": "IEP",
    "CurrencyName": "Irish Pound"
  },
  {
    "CurrencyCode": "ITL",
    "CurrencyName": "Italian Lira"
  },
  {
    "CurrencyCode": "JMD",
    "CurrencyName": "Jamaican Dollar"
  },
  {
    "CurrencyCode": "JOD",
    "CurrencyName": "Jordanian Dinar"
  },
  {
    "CurrencyCode": "KES",
    "CurrencyName": "Kenyan Shilling"
  },
  {
    "CurrencyCode": "EEK",
    "CurrencyName": "Kroon"
  },
  {
    "CurrencyCode": "KWD",
    "CurrencyName": "Kuwaiti Dinar"
  },
  {
    "CurrencyCode": "AOA",
    "CurrencyName": "Kwanza"
  },
  {
    "CurrencyCode": "LVL",
    "CurrencyName": "Latvian Lats"
  },
  {
    "CurrencyCode": "LBP",
    "CurrencyName": "Lebanese Pound"
  },
  {
    "CurrencyCode": "ALL",
    "CurrencyName": "Lek"
  },
  {
    "CurrencyCode": "ROL",
    "CurrencyName": "Leu"
  },
  {
    "CurrencyCode": "LTL",
    "CurrencyName": "Lithuanian Litas"
  },
  {
    "CurrencyCode": "MYR",
    "CurrencyName": "Malaysian Ringgit"
  },
  {
    "CurrencyCode": "MTL",
    "CurrencyName": "Maltese Lira"
  },
  {
    "CurrencyCode": "FIM",
    "CurrencyName": "Markka"
  },
  {
    "CurrencyCode": "MUR",
    "CurrencyName": "Mauritius Rupee"
  },
  {
    "CurrencyCode": "MXN",
    "CurrencyName": "Mexican Peso"
  },
  {
    "CurrencyCode": "MAD",
    "CurrencyName": "Moroccan Dirham"
  },
  {
    "CurrencyCode": "NGN",
    "CurrencyName": "Naira"
  },
  {
    "CurrencyCode": "NAD",
    "CurrencyName": "Namibia Dollar"
  },
  {
    "CurrencyCode": "NPR",
    "CurrencyName": "Nepalese Rupee"
  },
  {
    "CurrencyCode": "ANG",
    "CurrencyName": "Netherlands Antillian Guilder"
  },
  {
    "CurrencyCode": "NLG",
    "CurrencyName": "Netherlands Guilder"
  },
  {
    "CurrencyCode": "ILS",
    "CurrencyName": "New Israeli Shekel"
  },
  {
    "CurrencyCode": "TWD",
    "CurrencyName": "New Taiwan Dollar"
  },
  {
    "CurrencyCode": "NZD",
    "CurrencyName": "New Zealand Dollar"
  },
  {
    "CurrencyCode": "BTN",
    "CurrencyName": "Ngultrum"
  },
  {
    "CurrencyCode": "NOK",
    "CurrencyName": "Norwegian Krone"
  },
  {
    "CurrencyCode": "PEN",
    "CurrencyName": "Nuevo Sol"
  },
  {
    "CurrencyCode": "OMR",
    "CurrencyName": "Omani Rial"
  },
  {
    "CurrencyCode": "PKR",
    "CurrencyName": "Pakistan Rupee"
  },
  {
    "CurrencyCode": "PHP",
    "CurrencyName": "Philippine Peso"
  },
  {
    "CurrencyCode": "PLZ",
    "CurrencyName": "Polish Zloty(old)"
  },
  {
    "CurrencyCode": "PTE",
    "CurrencyName": "Portuguese Escudo"
  },
  {
    "CurrencyCode": "GTQ",
    "CurrencyName": "Quetzal"
  },
  {
    "CurrencyCode": "ZAR",
    "CurrencyName": "Rand"
  },
  {
    "CurrencyCode": "MVR",
    "CurrencyName": "Rufiyaa"
  },
  {
    "CurrencyCode": "IDR",
    "CurrencyName": "Rupiah"
  },
  {
    "CurrencyCode": "RUB",
    "CurrencyName": "Russian Ruble"
  },
  {
    "CurrencyCode": "RUR",
    "CurrencyName": "Russian Ruble(old)"
  },
  {
    "CurrencyCode": "SAR",
    "CurrencyName": "Saudi Riyal"
  },
  {
    "CurrencyCode": "ATS",
    "CurrencyName": "Shilling"
  },
  {
    "CurrencyCode": "SGD",
    "CurrencyName": "Singapore Dollar"
  },
  {
    "CurrencyCode": "SKK",
    "CurrencyName": "Slovak Koruna"
  },
  {
    "CurrencyCode": "ESP",
    "CurrencyName": "Spanish Peseta"
  },
  {
    "CurrencyCode": "LKR",
    "CurrencyName": "Sri Lankan Rupee"
  },
  {
    "CurrencyCode": "SEK",
    "CurrencyName": "Swedish Krona"
  },
  {
    "CurrencyCode": "CHF",
    "CurrencyName": "Swiss Franc"
  },
  {
    "CurrencyCode": "BDT",
    "CurrencyName": "Taka"
  },
  {
    "CurrencyCode": "SIT",
    "CurrencyName": "Tolar"
  },
  {
    "CurrencyCode": "TTD",
    "CurrencyName": "Trinidad and Tobago Dollar"
  },
  {
    "CurrencyCode": "TND",
    "CurrencyName": "Tunisian Dinar"
  },
  {
    "CurrencyCode": "TRL",
    "CurrencyName": "Turkish Lira"
  },
  {
    "CurrencyCode": "GBP",
    "CurrencyName": "United Kingdom Pound"
  },
  {
    "CurrencyCode": "UYU",
    "CurrencyName": "Uruguayan Peso"
  },
  {
    "CurrencyCode": "USD",
    "CurrencyName": "US Dollar"
  },
  {
    "CurrencyCode": "KRW",
    "CurrencyName": "Won"
  },
  {
    "CurrencyCode": "JPY",
    "CurrencyName": "Yen"
  },
  {
    "CurrencyCode": "CNY",
    "CurrencyName": "Yuan Renminbi"
  },
  {
    "CurrencyCode": "ZWD",
    "CurrencyName": "Zimbabwe Dollar"
  },
  {
    "CurrencyCode": "PLN",
    "CurrencyName": "Zloty"
  }
]