[
  {
    "PromotionCode": 1,
    "PromotionName": "No Discount",
    "DiscountPct": 0,
    "PromotionType": "No Discount"
  },
  {
    "PromotionCode": 2,
    "PromotionName": "Volume Discount 11 to 14",
    "DiscountPct": "0,02",
    "PromotionType": "Volume Discount"
  },
  {
    "PromotionCode": 3,
    "PromotionName": "Volume Discount 15 to 24",
    "DiscountPct": "0,05",
    "PromotionType": "Volume Discount"
  },
  {
    "PromotionCode": 4,
    "PromotionName": "Volume Discount 25 to 40",
    "DiscountPct": "0,1",
    "PromotionType": "Volume Discount"
  },
  {
    "PromotionCode": 5,
    "PromotionName": "Volume Discount 41 to 60",
    "DiscountPct": "0,15",
    "PromotionType": "Volume Discount"
  },
  {
    "PromotionCode": 6,
    "PromotionName": "Volume Discount over 60",
    "DiscountPct": "0,2",
    "PromotionType": "Volume Discount"
  },
  {
    "PromotionCode": 7,
    "PromotionName": "Mountain-100 Clearance Sale",
    "DiscountPct": "0,35",
    "PromotionType": "Discontinued Product"
  },
  {
    "PromotionCode": 8,
    "PromotionName": "Sport Helmet Discount-2002",
    "DiscountPct": "0,1",
    "PromotionType": "Seasonal Discount"
  },
  {
    "PromotionCode": 9,
    "PromotionName": "Road-650 Overstock",
    "DiscountPct": "0,3",
    "PromotionType": "Excess Inventory"
  },
  {
    "PromotionCode": 10,
    "PromotionName": "Mountain Tire Sale",
    "DiscountPct": "0,5",
    "PromotionType": "Excess Inventory"
  },
  {
    "PromotionCode": 11,
    "PromotionName": "Sport Helmet Discount-2003",
    "DiscountPct": "0,15",
    "PromotionType": "Seasonal Discount"
  },
  {
    "PromotionCode": 12,
    "PromotionName": "LL Road Frame Sale",
    "DiscountPct": "0,35",
    "PromotionType": "Excess Inventory"
  },
  {
    "PromotionCode": 13,
    "PromotionName": "Touring-3000 Promotion",
    "DiscountPct": "0,15",
    "PromotionType": "New Product"
  },
  {
    "PromotionCode": 14,
    "PromotionName": "Touring-1000 Promotion",
    "DiscountPct": "0,2",
    "PromotionType": "New Product"
  },
  {
    "PromotionCode": 15,
    "PromotionName": "Half-Price Pedal Sale",
    "DiscountPct": "0,5",
    "PromotionType": "Seasonal Discount"
  },
  {
    "PromotionCode": 16,
    "PromotionName": "Mountain-500 Silver Clearance Sale",
    "DiscountPct": "0,4",
    "PromotionType": "Discontinued Product"
  }
]